NAME,YOB,DEPARTURE,DESTINATION,PAID
Isla Harris,1975,Hamburg,Innsbruck,312
Thomas Harris,1987,Hamburg,Innsbruck,312
Ava Harris,2018,Hamburg,Innsbruck,312
Grace Harris,2013,Hamburg,Innsbruck,312
Finley Baker,1980,Prague,Rijeka,612
Charlie Baker,1985,Prague,Rijeka,612
Elsie Baker,2018,Prague,Rijeka,612
Arthur Baker,2014,Prague,Rijeka,612
Emily Walker,1979,Berlin,Napoli,918
Poppy Walker,1993,Berlin,Napoli,918
Lily Walker,2015,Berlin,Napoli,918
Phoebe Allen,1981,Prague,Rijeka,624
Thomas Allen,1976,Prague,Rijeka,624
Sienna Allen,2014,Prague,Rijeka,624
Leo White,1990,Brno,Rijeka,707
Lily White,1977,Brno,Rijeka,707
Henry White,2015,Brno,Rijeka,707
Theo Owen,1985,Innsbruck,Warsaw,1224
George Baker,1989,Innsbruck,Warsaw,1224
Florence Jones,1989,Innsbruck,Warsaw,1224
Freddie Davidson,1980,Innsbruck,Warsaw,1224
Noah White,1985,Innsbruck,Warsaw,1224
Charlie Robinson,1982,Innsbruck,Warsaw,1224
George Payne,1980,Hamburg,Innsbruck,1224
Oscar Holmes,1982,Hamburg,Innsbruck,1224
Freddie Payne,1990,Hamburg,Innsbruck,1224
Grace Jones,1976,Prague,Rijeka,1020
Sienna Baker,1987,Prague,Rijeka,1020
Lucas Davidson,1992,Prague,Rijeka,1020
Arthur Allen,1977,Innsbruck,Warsaw,1122
Willow White,1993,Innsbruck,Warsaw,1122
Henry Burton,1981,Innsbruck,Warsaw,1122
Willow Harris,1989,Berlin,Napoli,1030
Harry White,1979,Berlin,Napoli,1030
Isabella Davidson,1986,Berlin,Napoli,1030
Ava Baker,1977,Berlin,Napoli,1030
Evie Davidson,1987,Berlin,Napoli,1030
Alfie White,1987,Berlin,Napoli,1030
Rosie Stevens,1979,Hamburg,Innsbruck,312
Lucas Stevens,1974,Hamburg,Innsbruck,312
Noah Stevens,2016,Hamburg,Innsbruck,312
Ella Foster,1975,Brno,Rijeka,1133
Noah Payne,1986,Brno,Rijeka,1133
Theodore Matthews,1984,Brno,Rijeka,1133
Theo Walker,1989,Brno,Rijeka,1133
Sofia Harris,1989,Brno,Rijeka,1133
Sienna Black,1974,Brno,Rijeka,1133
Isla Payne,1974,Berlin,Napoli,1040
Grace Holmes,1973,Berlin,Napoli,1040
Isla Owen,1985,Berlin,Napoli,1040
Tommy Chapman,1991,Berlin,Napoli,1040
Henry Burton,1977,Berlin,Napoli,1040
Willow Holmes,1989,Berlin,Napoli,1040
Arthur Walker,1989,Prague,Rijeka,606
Archie Walker,1978,Prague,Rijeka,606
Daisy Walker,2014,Prague,Rijeka,606
Evelyn Walker,2013,Prague,Rijeka,606
Charlie Stevens,1976,Hamburg,Innsbruck,1236
Ella Lewis,1987,Hamburg,Innsbruck,1236
Leo Stevens,1976,Hamburg,Innsbruck,1236
Grace Webb,1992,Hamburg,Innsbruck,1236
Evelyn Allen,1985,Hamburg,Innsbruck,936
Evelyn Allen,1982,Hamburg,Innsbruck,936
Florence Allen,2017,Hamburg,Innsbruck,936
Ivy Allen,2015,Hamburg,Innsbruck,936
Freya Lewis,1976,Hamburg,Innsbruck,1236
Alfie Harris,1974,Hamburg,Innsbruck,1236
Grace Wilson,1992,Hamburg,Innsbruck,1236
Florence Walker,1981,Hamburg,Innsbruck,1236
Florence Stevens,1983,Hamburg,Innsbruck,1236
Sofia Allen,1975,Hamburg,Innsbruck,1236
Jack Wilson,1976,Innsbruck,Warsaw,505
Evelyn Wilson,1982,Innsbruck,Warsaw,505
William Wilson,2015,Innsbruck,Warsaw,505
Archie Lewis,1991,Berlin,Napoli,721
William Lewis,1976,Berlin,Napoli,721
Amelia Lewis,2017,Berlin,Napoli,721
Ella Lewis,2016,Berlin,Napoli,721
Freya Matthews,1985,Berlin,Napoli,1122
Sienna Baker,1985,Berlin,Napoli,1122
Grace Owen,1991,Berlin,Napoli,1122
Elsie Jones,1980,Berlin,Napoli,1122
Ava Black,1984,Berlin,Napoli,1122
Amelia Baker,1985,Prague,Rijeka,1010
Henry Webb,1984,Prague,Rijeka,1010
Emily Burton,1980,Prague,Rijeka,1010
Willow Stevens,1986,Hamburg,Innsbruck,1236
Lucas Walker,1990,Hamburg,Innsbruck,1236
Ella Owen,1981,Hamburg,Innsbruck,1236
Isabella Davidson,1983,Hamburg,Innsbruck,1236
Leo Payne,1974,Hamburg,Innsbruck,1236
Daisy Burton,1993,Hamburg,Innsbruck,1236
Lucas Matthews,1981,Krakow,Zagreb,918
Isabella Matthews,1992,Krakow,Zagreb,918
Archie Matthews,2014,Krakow,Zagreb,918
Roman Adams,1975,Innsbruck,Warsaw,936
Tommy Adams,1984,Innsbruck,Warsaw,936
Leo Adams,2014,Innsbruck,Warsaw,936
Finley Robinson,1987,Brno,Rijeka,1224
Tommy Allen,1985,Brno,Rijeka,1224
Emily Payne,1988,Brno,Rijeka,1224
Archie Webb,1974,Brno,Rijeka,1224
Florence Davidson,1981,Brno,Rijeka,1224
Daisy Davidson,1980,Brno,Rijeka,1224
Amelia Baker,1973,Innsbruck,Warsaw,1248
Henry Jones,1987,Innsbruck,Warsaw,1248
Archie Foster,1993,Innsbruck,Warsaw,1248
Freya Payne,1974,Innsbruck,Warsaw,1248
Jacob Matthews,1992,Innsbruck,Warsaw,1248
Freya Davidson,1978,Innsbruck,Warsaw,927
Archie Davidson,1986,Innsbruck,Warsaw,927
Ella Davidson,2017,Innsbruck,Warsaw,927
Freddie Lewis,1977,Brno,Rijeka,728
Ella Lewis,1989,Brno,Rijeka,728
Theodore Lewis,2013,Brno,Rijeka,728
Ivy Black,1988,Hamburg,Rome,816
Ivy Black,1988,Hamburg,Rome,816
Evelyn Black,2015,Hamburg,Rome,816
Mia Holmes,1976,Vienna,Warsaw,1144
Leo Foster,1975,Vienna,Warsaw,1144
Ella Owen,1989,Vienna,Warsaw,1144
Theo Wilson,1983,Hamburg,Innsbruck,1236
Noah Chapman,1988,Hamburg,Innsbruck,1236
Lily Chapman,1979,Hamburg,Innsbruck,1236
Ava Foster,1985,Hamburg,Innsbruck,1236
Alfie Robinson,1992,Berlin,Napoli,721
Isaac Robinson,1973,Berlin,Napoli,721
Tommy Robinson,2015,Berlin,Napoli,721
Ivy White,1984,Krakow,Zagreb,824
Finley White,1987,Krakow,Zagreb,824
Grace White,2017,Krakow,Zagreb,824
Harry Matthews,1981,Krakow,Zagreb,728
Oscar Matthews,1974,Krakow,Zagreb,728
Isaac Matthews,2014,Krakow,Zagreb,728
Ivy Holmes,1987,Hamburg,Innsbruck,303
Sofia Holmes,1980,Hamburg,Innsbruck,303
Ava Holmes,2016,Hamburg,Innsbruck,303
Ava Holmes,2013,Hamburg,Innsbruck,303
Henry Stevens,1973,Brno,Rijeka,1224
Charlotte Owen,1992,Brno,Rijeka,1224
Noah Allen,1987,Brno,Rijeka,1224
Sofia Harris,1977,Innsbruck,Warsaw,520
Evie Harris,1993,Innsbruck,Warsaw,520
Evie Harris,2018,Innsbruck,Warsaw,520
Harry Jones,1984,Krakow,Zagreb,714
Ava Jones,1989,Krakow,Zagreb,714
Sofia Jones,2014,Krakow,Zagreb,714
Isla White,1984,Berlin,Napoli,707
Lily White,1993,Berlin,Napoli,707
Sofia White,2018,Berlin,Napoli,707
Arthur White,2017,Berlin,Napoli,707
Charlie Baker,1993,Berlin,Napoli,824
Roman Baker,1991,Berlin,Napoli,824
Sophia Baker,2014,Berlin,Napoli,824
Sienna Walker,1975,Innsbruck,Warsaw,927
Evie Walker,1993,Innsbruck,Warsaw,927
Willow Walker,2018,Innsbruck,Warsaw,927
Arthur Payne,1981,Berlin,Napoli,824
Noah Payne,1973,Berlin,Napoli,824
Archie Payne,2016,Berlin,Napoli,824
Evie Chapman,1986,Berlin,Napoli,808
Jacob Chapman,1986,Berlin,Napoli,808
Charlie Chapman,2017,Berlin,Napoli,808
Evie Burton,1977,Prague,Rijeka,612
Leo Burton,1993,Prague,Rijeka,612
Muhammad Burton,2015,Prague,Rijeka,612
Willow Webb,1993,Vienna,Warsaw,1122
Florence Lewis,1980,Vienna,Warsaw,1122
Lucas Stevens,1987,Vienna,Warsaw,1122
Willow Burton,1991,Vienna,Warsaw,1122
Mia Chapman,1974,Vienna,Warsaw,1122
Archie Holmes,1986,Vienna,Warsaw,1122
Rosie White,1986,Hamburg,Innsbruck,1236
Harry Lewis,1979,Hamburg,Innsbruck,1236
Evie Lewis,1985,Hamburg,Innsbruck,1236
Isaac Holmes,1973,Hamburg,Innsbruck,1236
Freya Davidson,1988,Prague,Rijeka,1020
Alfie Allen,1984,Prague,Rijeka,1020
Charlie Webb,1985,Prague,Rijeka,1020
Archie Owen,1992,Krakow,Zagreb,832
Willow Owen,1976,Krakow,Zagreb,832
Thomas Owen,2017,Krakow,Zagreb,832
Arlo Stevens,1993,Berlin,Napoli,1122
Freya Walker,1976,Berlin,Napoli,1122
Poppy Holmes,1990,Berlin,Napoli,1122
Freya Webb,1988,Berlin,Napoli,1122
Freya Payne,1981,Vienna,Warsaw,1144
Sienna Lewis,1985,Vienna,Warsaw,1144
Harry Holmes,1977,Vienna,Warsaw,1144
Grace Webb,1981,Vienna,Warsaw,1144
Sienna Webb,1982,Hamburg,Rome,808
Arthur Webb,1993,Hamburg,Rome,808
Mia Webb,2016,Hamburg,Rome,808
Charlotte Webb,2013,Hamburg,Rome,808
Finley Matthews,1975,Hamburg,Innsbruck,936
Roman Matthews,1977,Hamburg,Innsbruck,936
Roman Matthews,2014,Hamburg,Innsbruck,936
Arthur Webb,1989,Hamburg,Rome,816
Thomas Webb,1993,Hamburg,Rome,816
Freya Webb,2015,Hamburg,Rome,816
Jack Owen,1980,Prague,Rijeka,1010
Willow Adams,1975,Prague,Rijeka,1010
Charlotte Davidson,1992,Prague,Rijeka,1010
Evelyn Wilson,1983,Prague,Rijeka,1010
Oscar Black,1993,Prague,Rijeka,1010
George Owen,1975,Vienna,Warsaw,927
Leo Owen,1980,Vienna,Warsaw,927
Roman Owen,2015,Vienna,Warsaw,927
Sienna Owen,2013,Vienna,Warsaw,927
Isabella Allen,1975,Brno,Rijeka,1212
Charlotte Walker,1974,Brno,Rijeka,1212
Charlie Burton,1991,Brno,Rijeka,1212
Sophia Black,1993,Brno,Rijeka,1212
William Matthews,1991,Berlin,Napoli,1133
Emily Stevens,1978,Berlin,Napoli,1133
Harry White,1990,Berlin,Napoli,1133
Archie Adams,1989,Berlin,Napoli,1133
Daisy Jones,1977,Berlin,Napoli,1133
Arthur Black,1976,Berlin,Napoli,1133
Freya Adams,1991,Hamburg,Innsbruck,1236
Isaac White,1979,Hamburg,Innsbruck,1236
Amelia Owen,1974,Hamburg,Innsbruck,1236
Florence Chapman,1993,Hamburg,Innsbruck,1236
Lily Davidson,1983,Hamburg,Innsbruck,1236
Grace Lewis,1973,Prague,Rijeka,612
Archie Lewis,1989,Prague,Rijeka,612
Evie Lewis,2016,Prague,Rijeka,612
Harry Allen,1985,Prague,Rijeka,618
Mia Allen,1985,Prague,Rijeka,618
Muhammad Allen,2014,Prague,Rijeka,618
Finley White,1990,Innsbruck,Warsaw,1212
Archie Black,1986,Innsbruck,Warsaw,1212
Tommy Walker,1975,Innsbruck,Warsaw,1212
Thomas Davidson,1983,Innsbruck,Warsaw,1212
Ava Baker,1973,Innsbruck,Warsaw,1212
Tommy Black,1974,Innsbruck,Warsaw,1212
Oscar Lewis,1992,Krakow,Zagreb,816
Sienna Lewis,1992,Krakow,Zagreb,816
Poppy Lewis,2013,Krakow,Zagreb,816
Phoebe Lewis,2016,Krakow,Zagreb,816
Tommy Stevens,1976,Brno,Rijeka,1236
Finley Allen,1978,Brno,Rijeka,1236
Isaac Jones,1980,Brno,Rijeka,1236
Evelyn Davidson,1990,Brno,Rijeka,1236
William White,1983,Brno,Rijeka,1236
Amelia Davidson,1978,Brno,Rijeka,1236
Willow Allen,1987,Hamburg,Innsbruck,927
Phoebe Allen,1991,Hamburg,Innsbruck,927
Isabella Allen,2015,Hamburg,Innsbruck,927
Noah Allen,2014,Hamburg,Innsbruck,927
Evelyn Walker,1982,Innsbruck,Warsaw,927
Sienna Walker,1974,Innsbruck,Warsaw,927
Evie Walker,2017,Innsbruck,Warsaw,927
Mia Webb,1979,Brno,Rijeka,1248
Arthur Allen,1977,Brno,Rijeka,1248
Daisy White,1993,Brno,Rijeka,1248
Evie Chapman,1991,Vienna,Warsaw,1144
George Davidson,1992,Vienna,Warsaw,1144
Florence Holmes,1980,Vienna,Warsaw,1144
Freddie Allen,1988,Vienna,Warsaw,1144
Daisy Holmes,1977,Vienna,Warsaw,1144
Evie White,1979,Vienna,Warsaw,1144
Arlo Payne,1992,Brno,Rijeka,1122
Charlie Payne,1989,Brno,Rijeka,1122
Evie Chapman,1989,Brno,Rijeka,1122
Jacob Wilson,1986,Brno,Rijeka,1122
Daisy Black,1985,Brno,Rijeka,1122
Alfie Lewis,1986,Brno,Rijeka,1122
Florence Walker,1973,Brno,Rijeka,1224
Tommy Baker,1987,Brno,Rijeka,1224
Theo Burton,1976,Brno,Rijeka,1224
Oscar Wilson,1991,Brno,Rijeka,1224
Roman Adams,1992,Brno,Rijeka,1133
Amelia Black,1976,Brno,Rijeka,1133
Sienna Holmes,1992,Brno,Rijeka,1133
Alfie Davidson,1987,Berlin,Napoli,808
Ava Davidson,1988,Berlin,Napoli,808
Grace Davidson,2017,Berlin,Napoli,808
Evelyn Webb,1983,Brno,Rijeka,714
Lucas Webb,1976,Brno,Rijeka,714
Lily Webb,2018,Brno,Rijeka,714
Rosie Baker,1987,Vienna,Warsaw,936
Isaac Baker,1993,Vienna,Warsaw,936
Isabella Baker,2014,Vienna,Warsaw,936
Theo Baker,2017,Vienna,Warsaw,936
Elsie Matthews,1985,Brno,Rijeka,1122
Harry Owen,1976,Brno,Rijeka,1122
Jack Baker,1988,Brno,Rijeka,1122
Amelia Adams,1985,Brno,Rijeka,1122
Oscar Lewis,1992,Brno,Rijeka,1122
Oscar Foster,1989,Brno,Rijeka,1122
Harry Jones,1982,Hamburg,Innsbruck,1236
Florence Foster,1978,Hamburg,Innsbruck,1236
Isla Chapman,1988,Hamburg,Innsbruck,1236
Lily Payne,1990,Hamburg,Innsbruck,1236
Grace Holmes,1983,Prague,Rijeka,618
Sienna Holmes,1974,Prague,Rijeka,618
Ivy Holmes,2018,Prague,Rijeka,618
Poppy Holmes,2015,Prague,Rijeka,618
Finley Webb,1992,Berlin,Napoli,1133
Ella Robinson,1988,Berlin,Napoli,1133
Arthur Foster,1992,Berlin,Napoli,1133
Isaac Burton,1986,Berlin,Napoli,1133
Archie Holmes,1986,Prague,Rijeka,606
Elsie Holmes,1973,Prague,Rijeka,606
Evelyn Holmes,2013,Prague,Rijeka,606
Jacob Allen,1987,Prague,Rijeka,1030
Leo Stevens,1987,Prague,Rijeka,1030
Thomas Allen,1984,Prague,Rijeka,1030
Elsie Matthews,1977,Krakow,Zagreb,816
Poppy Matthews,1991,Krakow,Zagreb,816
Arthur Matthews,2018,Krakow,Zagreb,816
Arthur Matthews,2017,Krakow,Zagreb,816
Henry Foster,1983,Hamburg,Rome,714
George Foster,1973,Hamburg,Rome,714
Jack Foster,2016,Hamburg,Rome,714
Grace Black,1990,Berlin,Napoli,1040
Sienna Owen,1985,Berlin,Napoli,1040
Ivy Foster,1981,Berlin,Napoli,1040
Leo Webb,1973,Berlin,Napoli,1144
Isla Lewis,1991,Berlin,Napoli,1144
Alfie Foster,1979,Berlin,Napoli,1144
Evelyn Chapman,1990,Berlin,Napoli,1144
Arlo Baker,1992,Berlin,Napoli,1144
Sienna Payne,1983,Berlin,Napoli,1144
Charlie Adams,1987,Prague,Rijeka,624
Ava Adams,1990,Prague,Rijeka,624
Mia Adams,2016,Prague,Rijeka,624
Charlie Adams,2018,Prague,Rijeka,624
Arthur Black,1991,Prague,Rijeka,624
Harry Black,1991,Prague,Rijeka,624
Ivy Black,2013,Prague,Rijeka,624
Arlo Black,2017,Prague,Rijeka,624
Sophia Payne,1992,Hamburg,Innsbruck,303
Evie Payne,1983,Hamburg,Innsbruck,303
George Payne,2017,Hamburg,Innsbruck,303
Charlotte Foster,1983,Berlin,Napoli,1040
Jack Robinson,1981,Berlin,Napoli,1040
Charlotte Holmes,1992,Berlin,Napoli,1040
Freya White,1989,Berlin,Napoli,1040
Roman Allen,1977,Innsbruck,Warsaw,1248
Freya Black,1983,Innsbruck,Warsaw,1248
Poppy Allen,1989,Innsbruck,Warsaw,1248
Henry Baker,1977,Innsbruck,Warsaw,1248
Oscar Davidson,1993,Hamburg,Innsbruck,1212
Charlotte Allen,1973,Hamburg,Innsbruck,1212
Mia Foster,1989,Hamburg,Innsbruck,1212
Evelyn Lewis,1983,Brno,Rijeka,1248
Isabella Harris,1976,Brno,Rijeka,1248
Evie Wilson,1989,Brno,Rijeka,1248
George Baker,1973,Brno,Rijeka,1248
Muhammad Foster,1989,Brno,Rijeka,1248
Grace Davidson,1988,Brno,Rijeka,1248
Isla Burton,1978,Berlin,Napoli,714
Theodore Burton,1974,Berlin,Napoli,714
Florence Burton,2016,Berlin,Napoli,714
Jacob Burton,2015,Berlin,Napoli,714
Lucas Matthews,1975,Innsbruck,Warsaw,1212
Tommy Lewis,1985,Innsbruck,Warsaw,1212
Grace Payne,1979,Innsbruck,Warsaw,1212
Charlotte Foster,1981,Innsbruck,Warsaw,1212
Noah Foster,1993,Innsbruck,Warsaw,1224
Lucas Wilson,1983,Innsbruck,Warsaw,1224
Roman Wilson,1974,Innsbruck,Warsaw,1224
Sophia Walker,1980,Innsbruck,Warsaw,1224
Grace Allen,1976,Hamburg,Innsbruck,1236
Archie Wilson,1991,Hamburg,Innsbruck,1236
Sienna Walker,1989,Hamburg,Innsbruck,1236
Poppy Davidson,1974,Hamburg,Innsbruck,918
Harry Davidson,1983,Hamburg,Innsbruck,918
Florence Davidson,2018,Hamburg,Innsbruck,918
Poppy Davidson,2016,Hamburg,Innsbruck,918
Henry Webb,1977,Brno,Rijeka,1111
Harry Webb,1977,Brno,Rijeka,1111
Jacob Lewis,1973,Brno,Rijeka,1111
Jacob Burton,1975,Brno,Rijeka,1111
Ella Harris,1979,Brno,Rijeka,1111
Oscar White,1982,Brno,Rijeka,1111
George Davidson,1993,Vienna,Warsaw,909
Noah Davidson,1980,Vienna,Warsaw,909
Lily Davidson,2013,Vienna,Warsaw,909
Evelyn Wilson,1976,Berlin,Napoli,1040
Evelyn Foster,1980,Berlin,Napoli,1040
Thomas Matthews,1979,Berlin,Napoli,1040
Leo White,1992,Berlin,Napoli,1040
Poppy Webb,1988,Berlin,Napoli,1040
Sofia Wilson,1991,Berlin,Napoli,1040
Charlotte Webb,1985,Innsbruck,Warsaw,918
Lily Webb,1991,Innsbruck,Warsaw,918
Ava Webb,2016,Innsbruck,Warsaw,918
Freya Webb,2018,Innsbruck,Warsaw,918
Phoebe Black,1975,Brno,Rijeka,1236
Alfie Chapman,1975,Brno,Rijeka,1236
Elsie Allen,1992,Brno,Rijeka,1236
William Owen,1983,Brno,Rijeka,1236
Muhammad Owen,1981,Berlin,Napoli,1111
Arlo Chapman,1990,Berlin,Napoli,1111
Lucas Matthews,1990,Berlin,Napoli,1111
Daisy Adams,1978,Berlin,Napoli,1111
Henry Lewis,1974,Berlin,Napoli,721
Phoebe Lewis,1990,Berlin,Napoli,721
Florence Lewis,2016,Berlin,Napoli,721
Ava Lewis,1983,Berlin,Napoli,824
Sofia Lewis,1978,Berlin,Napoli,824
Ivy Lewis,2017,Berlin,Napoli,824
Theo Lewis,2014,Berlin,Napoli,824
Florence Black,1974,Vienna,Warsaw,1133
Ivy Burton,1989,Vienna,Warsaw,1133
Poppy Matthews,1984,Vienna,Warsaw,1133
Charlotte Allen,1984,Vienna,Warsaw,1133
Freya Payne,1977,Vienna,Warsaw,1133
Harry Harris,1981,Innsbruck,Warsaw,927
Isaac Harris,1976,Innsbruck,Warsaw,927
Charlotte Harris,2018,Innsbruck,Warsaw,927
Elsie Harris,2018,Innsbruck,Warsaw,927
Leo Black,1981,Brno,Rijeka,1224
William Black,1986,Brno,Rijeka,1224
Sofia Payne,1992,Brno,Rijeka,1224
Isaac Jones,1979,Brno,Rijeka,1224
Isaac Matthews,1977,Brno,Rijeka,1224
Ella Black,1990,Brno,Rijeka,1224
Emily Davidson,1991,Innsbruck,Warsaw,927
Archie Davidson,1980,Innsbruck,Warsaw,927
Sophia Davidson,2016,Innsbruck,Warsaw,927
Noah Holmes,1983,Krakow,Zagreb,832
Roman Holmes,1993,Krakow,Zagreb,832
Sophia Holmes,2016,Krakow,Zagreb,832
Charlotte Owen,1977,Prague,Rijeka,624
Grace Owen,1986,Prague,Rijeka,624
Jacob Owen,2014,Prague,Rijeka,624
Isabella Owen,2013,Prague,Rijeka,624
Florence Wilson,1973,Hamburg,Innsbruck,1248
Tommy Lewis,1983,Hamburg,Innsbruck,1248
Freya Davidson,1992,Hamburg,Innsbruck,1248
Charlie Foster,1976,Hamburg,Innsbruck,1248
Freya Chapman,1978,Hamburg,Innsbruck,1248
Roman Davidson,1977,Hamburg,Innsbruck,1248
Phoebe White,1974,Brno,Rijeka,618
Arthur White,1986,Brno,Rijeka,618
Arthur White,2014,Brno,Rijeka,618
Isla White,2013,Brno,Rijeka,618
Oscar Foster,1981,Vienna,Warsaw,927
Ivy Foster,1992,Vienna,Warsaw,927
Amelia Foster,2016,Vienna,Warsaw,927
Sienna Robinson,1975,Krakow,Zagreb,936
Sofia Robinson,1984,Krakow,Zagreb,936
Daisy Robinson,2016,Krakow,Zagreb,936
Oscar Robinson,2016,Krakow,Zagreb,936
Roman Payne,1983,Vienna,Warsaw,1111
Sofia Wilson,1979,Vienna,Warsaw,1111
Ella Walker,1988,Vienna,Warsaw,1111
Isaac Davidson,1990,Berlin,Napoli,808
Charlie Davidson,1987,Berlin,Napoli,808
Lucas Davidson,2014,Berlin,Napoli,808
Theo Burton,1975,Hamburg,Innsbruck,1248
Lily Wilson,1983,Hamburg,Innsbruck,1248
Jacob Webb,1980,Hamburg,Innsbruck,1248
Harry Harris,1981,Hamburg,Innsbruck,1248
Charlie Wilson,1991,Hamburg,Innsbruck,1248
Muhammad Foster,1986,Hamburg,Innsbruck,1248
Phoebe Chapman,1979,Innsbruck,Warsaw,1212
Charlotte Jones,1987,Innsbruck,Warsaw,1212
Evie Robinson,1977,Innsbruck,Warsaw,1212
Leo Adams,1985,Innsbruck,Warsaw,1212
Daisy Burton,1982,Innsbruck,Warsaw,1236
Isla Wilson,1980,Innsbruck,Warsaw,1236
Evelyn Owen,1993,Innsbruck,Warsaw,1236
Tommy Wilson,1976,Innsbruck,Warsaw,1236
Sophia Burton,1978,Prague,Rijeka,618
Noah Burton,1979,Prague,Rijeka,618
Jack Burton,2018,Prague,Rijeka,618
Ella Payne,1991,Berlin,Napoli,927
Ivy Payne,1992,Berlin,Napoli,927
Arthur Payne,2017,Berlin,Napoli,927
Phoebe Payne,2015,Berlin,Napoli,927
Oscar Black,1974,Hamburg,Innsbruck,1212
Lily Burton,1976,Hamburg,Innsbruck,1212
Freddie Lewis,1993,Hamburg,Innsbruck,1212
Evie Lewis,1992,Vienna,Warsaw,1111
Lucas Jones,1976,Vienna,Warsaw,1111
Charlie Wilson,1977,Vienna,Warsaw,1111
Evie White,1981,Vienna,Warsaw,1111
Muhammad Holmes,1988,Brno,Rijeka,714
Freddie Holmes,1992,Brno,Rijeka,714
Theodore Holmes,2014,Brno,Rijeka,714
Florence Holmes,2017,Brno,Rijeka,714
Roman Burton,1992,Innsbruck,Warsaw,927
Lucas Burton,1983,Innsbruck,Warsaw,927
Sofia Burton,2014,Innsbruck,Warsaw,927
Willow Burton,2018,Innsbruck,Warsaw,927
Freddie Payne,1975,Brno,Rijeka,714
Jacob Payne,1977,Brno,Rijeka,714
Isla Payne,2014,Brno,Rijeka,714
Lucas Wilson,1981,Hamburg,Innsbruck,309
Lily Wilson,1991,Hamburg,Innsbruck,309
Ivy Wilson,2017,Hamburg,Innsbruck,309
Leo Wilson,2018,Hamburg,Innsbruck,309
Freya Allen,1991,Hamburg,Innsbruck,1212
Sofia Chapman,1987,Hamburg,Innsbruck,1212
Arthur Black,1986,Hamburg,Innsbruck,1212
Lily Stevens,1975,Vienna,Warsaw,927
Isaac Stevens,1974,Vienna,Warsaw,927
Isabella Stevens,2014,Vienna,Warsaw,927
Grace Walker,1986,Brno,Rijeka,721
Isabella Walker,1983,Brno,Rijeka,721
Freddie Walker,2015,Brno,Rijeka,721
Harry Walker,2014,Brno,Rijeka,721
Phoebe Walker,1981,Hamburg,Rome,728
Evie Walker,1979,Hamburg,Rome,728
Sienna Walker,2013,Hamburg,Rome,728
Muhammad Walker,2013,Hamburg,Rome,728
Thomas Matthews,1984,Brno,Rijeka,1122
Sophia Black,1992,Brno,Rijeka,1122
Evie Davidson,1993,Brno,Rijeka,1122
Evelyn Lewis,1980,Brno,Rijeka,1122
Amelia Lewis,1977,Brno,Rijeka,1122
Thomas Black,1982,Brno,Rijeka,1122
Thomas Robinson,1985,Vienna,Warsaw,1122
Thomas Owen,1984,Vienna,Warsaw,1122
Thomas Matthews,1977,Vienna,Warsaw,1122
Arlo Wilson,1978,Vienna,Warsaw,1122
Charlie Payne,1979,Berlin,Napoli,1133
George Owen,1990,Berlin,Napoli,1133
Charlotte Davidson,1980,Berlin,Napoli,1133
Freya Webb,1992,Berlin,Napoli,1133
Isla Chapman,1984,Berlin,Napoli,1133
Muhammad Walker,1993,Vienna,Warsaw,1122
Charlotte Davidson,1988,Vienna,Warsaw,1122
Ella Payne,1977,Vienna,Warsaw,1122
Charlotte Webb,1974,Vienna,Warsaw,1122
Evelyn White,1979,Hamburg,Rome,808
Roman White,1982,Hamburg,Rome,808
Arthur White,2018,Hamburg,Rome,808
Alfie Allen,1987,Innsbruck,Warsaw,927
Oscar Allen,1986,Innsbruck,Warsaw,927
Ava Allen,2013,Innsbruck,Warsaw,927
Elsie Allen,2017,Innsbruck,Warsaw,927
Alfie Walker,1977,Prague,Rijeka,618
Henry Walker,1979,Prague,Rijeka,618
Evie Walker,2014,Prague,Rijeka,618
Sofia Walker,2018,Prague,Rijeka,618
Finley White,1985,Krakow,Zagreb,824
Harry White,1982,Krakow,Zagreb,824
Sophia White,2015,Krakow,Zagreb,824
Isabella White,2015,Krakow,Zagreb,824
Archie Walker,1993,Krakow,Zagreb,832
Sienna Walker,1985,Krakow,Zagreb,832
Willow Walker,2013,Krakow,Zagreb,832
Evelyn Walker,2015,Krakow,Zagreb,832
George Black,1989,Innsbruck,Warsaw,1224
Roman Walker,1985,Innsbruck,Warsaw,1224
Charlotte Lewis,1975,Innsbruck,Warsaw,1224
Freddie Webb,1987,Innsbruck,Warsaw,1224
Rosie Harris,1981,Innsbruck,Warsaw,1224
Grace Wilson,1990,Innsbruck,Warsaw,1224
Rosie Baker,1976,Krakow,Zagreb,824
Freya Baker,1981,Krakow,Zagreb,824
Alfie Baker,2015,Krakow,Zagreb,824
Evelyn Baker,2017,Krakow,Zagreb,824
Amelia Chapman,1983,Brno,Rijeka,707
Sophia Chapman,1991,Brno,Rijeka,707
Rosie Chapman,2015,Brno,Rijeka,707
Grace Walker,1979,Hamburg,Innsbruck,918
Isaac Walker,1982,Hamburg,Innsbruck,918
Daisy Walker,2013,Hamburg,Innsbruck,918
Sienna Walker,2014,Hamburg,Innsbruck,918
Roman Webb,1990,Krakow,Zagreb,936
Isaac Webb,1974,Krakow,Zagreb,936
Sophia Webb,2016,Krakow,Zagreb,936
Grace Webb,2018,Krakow,Zagreb,936
Freya Jones,1975,Innsbruck,Warsaw,1133
William Lewis,1981,Innsbruck,Warsaw,1133
Willow Foster,1978,Innsbruck,Warsaw,1133
Charlie Foster,1990,Hamburg,Innsbruck,936
Noah Foster,1992,Hamburg,Innsbruck,936
Daisy Foster,2016,Hamburg,Innsbruck,936
Sofia Foster,2018,Hamburg,Innsbruck,936
Oscar Adams,1990,Innsbruck,Warsaw,1236
Emily Robinson,1993,Innsbruck,Warsaw,1236
Noah Lewis,1974,Innsbruck,Warsaw,1236
Thomas Payne,1975,Innsbruck,Warsaw,1236
Tommy Foster,1980,Berlin,Napoli,1111
Theo Harris,1991,Berlin,Napoli,1111
Grace Black,1983,Berlin,Napoli,1111
Evelyn Robinson,1991,Berlin,Napoli,1111
Lucas Chapman,1976,Berlin,Napoli,1111
Ella Robinson,1979,Berlin,Napoli,1111
Oscar Stevens,1980,Krakow,Zagreb,918
Archie Stevens,1978,Krakow,Zagreb,918
Ella Stevens,2016,Krakow,Zagreb,918
Poppy Stevens,2016,Krakow,Zagreb,918
Leo Jones,1973,Krakow,Zagreb,707
Leo Jones,1990,Krakow,Zagreb,707
Roman Jones,2018,Krakow,Zagreb,707
Sophia Burton,1987,Innsbruck,Warsaw,1236
Charlie Adams,1980,Innsbruck,Warsaw,1236
Mia Davidson,1992,Innsbruck,Warsaw,1236
Ava Walker,1993,Innsbruck,Warsaw,1236
Tommy Adams,1977,Brno,Rijeka,1133
Grace Adams,1984,Brno,Rijeka,1133
Theo Black,1987,Brno,Rijeka,1133
Charlotte Baker,1979,Brno,Rijeka,1133
Florence Foster,1991,Brno,Rijeka,1133
Roman Robinson,1978,Hamburg,Innsbruck,1248
Mia Stevens,1984,Hamburg,Innsbruck,1248
Charlie Baker,1980,Hamburg,Innsbruck,1248
Daisy Adams,1983,Prague,Rijeka,624
Ivy Adams,1993,Prague,Rijeka,624
Henry Adams,2017,Prague,Rijeka,624
Emily Davidson,1991,Vienna,Warsaw,918
Freya Davidson,1993,Vienna,Warsaw,918
Thomas Davidson,2018,Vienna,Warsaw,918
Charlotte Stevens,1990,Innsbruck,Warsaw,1224
Ivy Adams,1980,Innsbruck,Warsaw,1224
Leo Matthews,1993,Innsbruck,Warsaw,1224
Charlie Burton,1979,Innsbruck,Warsaw,927
Archie Burton,1983,Innsbruck,Warsaw,927
Charlotte Burton,2013,Innsbruck,Warsaw,927
Grace Burton,2017,Innsbruck,Warsaw,927
Henry Stevens,1982,Berlin,Napoli,1144
Tommy Black,1980,Berlin,Napoli,1144
Theo Stevens,1977,Berlin,Napoli,1144
Archie Foster,1982,Vienna,Warsaw,918
Elsie Foster,1974,Vienna,Warsaw,918
Ava Foster,2018,Vienna,Warsaw,918
Mia Allen,1989,Prague,Rijeka,612
Muhammad Allen,1991,Prague,Rijeka,612
Amelia Allen,2015,Prague,Rijeka,612
Sofia Chapman,1979,Innsbruck,Warsaw,918
William Chapman,1985,Innsbruck,Warsaw,918
Elsie Chapman,2018,Innsbruck,Warsaw,918
Charlotte Owen,1979,Brno,Rijeka,1248
Roman Robinson,1986,Brno,Rijeka,1248
Finley Robinson,1982,Brno,Rijeka,1248
Leo Foster,1981,Berlin,Napoli,824
Florence Foster,1979,Berlin,Napoli,824
Arlo Foster,2017,Berlin,Napoli,824
Thomas Baker,1991,Prague,Rijeka,612
Noah Baker,1983,Prague,Rijeka,612
Ivy Baker,2014,Prague,Rijeka,612
Henry Baker,2016,Prague,Rijeka,612
Emily Payne,1983,Prague,Rijeka,1040
Leo Burton,1985,Prague,Rijeka,1040
Rosie Wilson,1986,Prague,Rijeka,1040
Grace Baker,1990,Prague,Rijeka,1040
Isabella Owen,1983,Prague,Rijeka,1040
Finley Foster,1981,Prague,Rijeka,1040
Theodore Wilson,1988,Prague,Rijeka,1010
Sophia White,1986,Prague,Rijeka,1010
Roman Walker,1983,Prague,Rijeka,1010
Ivy Owen,1976,Prague,Rijeka,1040
Ava Wilson,1989,Prague,Rijeka,1040
Amelia Lewis,1989,Prague,Rijeka,1040
Jack Lewis,1982,Prague,Rijeka,1040
Phoebe Allen,1973,Prague,Rijeka,1040
George Jones,1980,Innsbruck,Warsaw,1212
Arlo Adams,1974,Innsbruck,Warsaw,1212
Charlotte Chapman,1977,Innsbruck,Warsaw,1212
Charlotte Harris,1983,Innsbruck,Warsaw,1212
Amelia Walker,1978,Innsbruck,Warsaw,1212
Mia Wilson,1977,Hamburg,Innsbruck,1248
Phoebe Burton,1992,Hamburg,Innsbruck,1248
Charlotte Walker,1989,Hamburg,Innsbruck,1248
Grace Adams,1982,Hamburg,Innsbruck,1248
Jacob Walker,1986,Hamburg,Innsbruck,306
Tommy Walker,1979,Hamburg,Innsbruck,306
Mia Walker,2018,Hamburg,Innsbruck,306
Arthur Walker,2017,Hamburg,Innsbruck,306
Oscar Foster,1990,Hamburg,Innsbruck,1224
Isla Jones,1987,Hamburg,Innsbruck,1224
Jacob White,1982,Hamburg,Innsbruck,1224
Isla Holmes,1977,Hamburg,Innsbruck,1224
Charlotte Lewis,1990,Hamburg,Innsbruck,1224
Elsie Webb,1975,Hamburg,Rome,808
Finley Webb,1987,Hamburg,Rome,808
Charlotte Webb,2018,Hamburg,Rome,808
Arthur Owen,1983,Prague,Rijeka,1010
Charlotte Lewis,1978,Prague,Rijeka,1010
Emily Burton,1977,Prague,Rijeka,1010
Thomas Foster,1985,Prague,Rijeka,1010
Emily Allen,1992,Berlin,Napoli,1144
Florence Black,1983,Berlin,Napoli,1144
Florence Webb,1990,Berlin,Napoli,1144
Sophia Lewis,1977,Berlin,Napoli,1144
Theo Holmes,1980,Berlin,Napoli,1144
Evelyn Holmes,1979,Berlin,Napoli,1144
Arlo Allen,1977,Prague,Rijeka,1010
Charlie Payne,1977,Prague,Rijeka,1010
Theodore Allen,1988,Prague,Rijeka,1010
Isabella Owen,1975,Prague,Rijeka,1010
Archie Payne,1990,Prague,Rijeka,1010
Rosie Adams,1987,Prague,Rijeka,1010
Ivy Allen,1973,Vienna,Warsaw,936
Theodore Allen,1983,Vienna,Warsaw,936
Oscar Allen,2016,Vienna,Warsaw,936
Noah Holmes,1988,Hamburg,Innsbruck,1224
Mia Robinson,1993,Hamburg,Innsbruck,1224
Emily Burton,1988,Hamburg,Innsbruck,1224
Finley Black,1978,Hamburg,Innsbruck,1224
Charlie Stevens,1991,Hamburg,Innsbruck,1224
Isla Owen,1989,Hamburg,Innsbruck,1224
Freya Robinson,1978,Brno,Rijeka,1224
Mia Burton,1978,Brno,Rijeka,1224
Evie Wilson,1984,Brno,Rijeka,1224
Evie Allen,1981,Brno,Rijeka,1224
Ava Robinson,1979,Brno,Rijeka,1224
Sienna Payne,1983,Hamburg,Rome,728
Sienna Payne,1977,Hamburg,Rome,728
George Payne,2015,Hamburg,Rome,728
Finley Robinson,1993,Innsbruck,Warsaw,918
Elsie Robinson,1992,Innsbruck,Warsaw,918
Alfie Robinson,2017,Innsbruck,Warsaw,918
Willow Holmes,1980,Vienna,Warsaw,707
Daisy Holmes,1991,Vienna,Warsaw,707
Harry Holmes,2017,Vienna,Warsaw,707
Willow Holmes,2017,Vienna,Warsaw,707
Sienna Harris,1976,Brno,Rijeka,1212
Freya Stevens,1990,Brno,Rijeka,1212
Freya Stevens,1976,Brno,Rijeka,1212
Theodore Harris,1988,Hamburg,Rome,824
Poppy Harris,1976,Hamburg,Rome,824
Harry Harris,2015,Hamburg,Rome,824
Poppy Black,1976,Vienna,Warsaw,936
Roman Black,1985,Vienna,Warsaw,936
Henry Black,2016,Vienna,Warsaw,936
Lucas Black,2017,Vienna,Warsaw,936
Isla Allen,1989,Krakow,Zagreb,824
Arlo Allen,1976,Krakow,Zagreb,824
Isabella Allen,2015,Krakow,Zagreb,824
Archie Allen,2018,Krakow,Zagreb,824
George Davidson,1989,Prague,Rijeka,1020
Isaac Owen,1993,Prague,Rijeka,1020
Isaac Foster,1988,Prague,Rijeka,1020
Evie Black,1982,Prague,Rijeka,1020
Arlo Baker,1990,Prague,Rijeka,1020
Arthur Allen,1973,Brno,Rijeka,707
Alfie Allen,1975,Brno,Rijeka,707
Sienna Allen,2014,Brno,Rijeka,707
Florence Stevens,1984,Hamburg,Innsbruck,312
Isabella Stevens,1978,Hamburg,Innsbruck,312
Freya Stevens,2016,Hamburg,Innsbruck,312
George Payne,1979,Vienna,Warsaw,936
Isla Payne,1981,Vienna,Warsaw,936
Theodore Payne,2013,Vienna,Warsaw,936
Lily Payne,2015,Vienna,Warsaw,936
Theodore Foster,1993,Hamburg,Innsbruck,936
Poppy Foster,1990,Hamburg,Innsbruck,936
Evie Foster,2013,Hamburg,Innsbruck,936
Willow Harris,1978,Vienna,Warsaw,1122
Amelia Foster,1981,Vienna,Warsaw,1122
Henry Allen,1977,Vienna,Warsaw,1122
Phoebe Matthews,1980,Vienna,Warsaw,1122
Sofia Holmes,1973,Vienna,Warsaw,1122
Willow Holmes,1974,Hamburg,Innsbruck,309
Phoebe Holmes,1992,Hamburg,Innsbruck,309
Charlie Holmes,2015,Hamburg,Innsbruck,309
Leo Holmes,2016,Hamburg,Innsbruck,309
Poppy Chapman,1986,Prague,Rijeka,612
William Chapman,1992,Prague,Rijeka,612
Isla Chapman,2016,Prague,Rijeka,612
Isla Chapman,2013,Prague,Rijeka,612
Amelia Webb,1985,Brno,Rijeka,728
Charlie Webb,1987,Brno,Rijeka,728
Arthur Webb,2015,Brno,Rijeka,728
Ivy Webb,1981,Berlin,Napoli,824
Arthur Webb,1985,Berlin,Napoli,824
Isla Webb,2013,Berlin,Napoli,824
Phoebe Webb,2013,Berlin,Napoli,824
Lily Allen,1984,Innsbruck,Warsaw,909
George Allen,1991,Innsbruck,Warsaw,909
Sophia Allen,2017,Innsbruck,Warsaw,909
Oscar Baker,1974,Prague,Rijeka,624
Daisy Baker,1989,Prague,Rijeka,624
Arthur Baker,2015,Prague,Rijeka,624
Emily Baker,2013,Prague,Rijeka,624
Phoebe Davidson,1974,Vienna,Warsaw,728
Ava Davidson,1990,Vienna,Warsaw,728
Finley Davidson,2014,Vienna,Warsaw,728
George Davidson,2015,Vienna,Warsaw,728
Isabella Owen,1988,Hamburg,Rome,816
Freya Owen,1985,Hamburg,Rome,816
Amelia Owen,2014,Hamburg,Rome,816
Theodore Owen,2015,Hamburg,Rome,816
Amelia Robinson,1993,Hamburg,Innsbruck,918
Sofia Robinson,1980,Hamburg,Innsbruck,918
Henry Robinson,2017,Hamburg,Innsbruck,918
Henry Robinson,2018,Hamburg,Innsbruck,918
Jacob Harris,1993,Berlin,Napoli,936
Phoebe Harris,1973,Berlin,Napoli,936
Muhammad Harris,2017,Berlin,Napoli,936
Tommy Harris,2014,Berlin,Napoli,936
Charlotte Wilson,1986,Berlin,Napoli,1030
Sophia Jones,1981,Berlin,Napoli,1030
Sofia Wilson,1981,Berlin,Napoli,1030
Willow Matthews,1981,Berlin,Napoli,1030
Roman Baker,1977,Hamburg,Innsbruck,936
Evelyn Baker,1992,Hamburg,Innsbruck,936
Charlie Baker,2017,Hamburg,Innsbruck,936
Ella Chapman,1978,Innsbruck,Warsaw,927
Noah Chapman,1980,Innsbruck,Warsaw,927
Sofia Chapman,2014,Innsbruck,Warsaw,927
Elsie Chapman,2014,Innsbruck,Warsaw,927
Jack Black,1977,Prague,Rijeka,1030
Sofia Matthews,1992,Prague,Rijeka,1030
Grace Jones,1976,Prague,Rijeka,1030
Muhammad White,1986,Prague,Rijeka,1030
Rosie Jones,1985,Prague,Rijeka,1030
Finley Allen,1984,Prague,Rijeka,1030
Muhammad Harris,1988,Brno,Rijeka,1248
Sienna Payne,1976,Brno,Rijeka,1248
Evie Walker,1990,Brno,Rijeka,1248
Theo Walker,1984,Brno,Rijeka,1248
Ava Harris,1983,Brno,Rijeka,1248
Sophia White,1974,Brno,Rijeka,1248
Ella Burton,1993,Vienna,Warsaw,1133
Willow Baker,1978,Vienna,Warsaw,1133
Lucas Burton,1979,Vienna,Warsaw,1133
Ivy Wilson,1988,Vienna,Warsaw,1133
Theodore Foster,1988,Vienna,Warsaw,1133
Arlo Adams,1978,Vienna,Warsaw,1133
Sophia Lewis,1988,Berlin,Napoli,808
Amelia Lewis,1974,Berlin,Napoli,808
Mia Lewis,2013,Berlin,Napoli,808
Daisy Lewis,2018,Berlin,Napoli,808
Harry Payne,1984,Hamburg,Innsbruck,1212
Ella Robinson,1981,Hamburg,Innsbruck,1212
Finley Chapman,1979,Hamburg,Innsbruck,1212
Jacob Foster,1975,Innsbruck,Warsaw,1212
Daisy Allen,1993,Innsbruck,Warsaw,1212
Noah Stevens,1978,Innsbruck,Warsaw,1212
Arthur Black,1978,Berlin,Napoli,1122
Ella Baker,1984,Berlin,Napoli,1122
William Adams,1990,Berlin,Napoli,1122
Arlo Allen,1976,Berlin,Napoli,1122
Noah Baker,1980,Berlin,Napoli,1122
Lily Burton,1981,Berlin,Napoli,1122
Rosie Burton,1984,Brno,Rijeka,1111
Florence Wilson,1974,Brno,Rijeka,1111
Jack Harris,1983,Brno,Rijeka,1111
Isabella Black,1973,Brno,Rijeka,1111
Grace Baker,1989,Brno,Rijeka,1111
Theodore Lewis,1989,Brno,Rijeka,1111
Florence Matthews,1974,Hamburg,Rome,824
Alfie Matthews,1993,Hamburg,Rome,824
Theo Matthews,2015,Hamburg,Rome,824
Thomas Matthews,2016,Hamburg,Rome,824
Finley Matthews,1993,Innsbruck,Warsaw,936
Noah Matthews,1991,Innsbruck,Warsaw,936
Grace Matthews,2017,Innsbruck,Warsaw,936
Grace Adams,1976,Prague,Rijeka,1040
Ella Wilson,1978,Prague,Rijeka,1040
Grace Robinson,1987,Prague,Rijeka,1040
Elsie Jones,1976,Prague,Rijeka,1040
Oscar Harris,1991,Prague,Rijeka,1040
Daisy Jones,1983,Prague,Rijeka,1040
Noah White,1989,Vienna,Warsaw,721
Lucas White,1990,Vienna,Warsaw,721
Alfie White,2013,Vienna,Warsaw,721
Theodore Payne,1988,Brno,Rijeka,714
Isla Payne,1977,Brno,Rijeka,714
Isla Payne,2015,Brno,Rijeka,714
Theo Matthews,1993,Brno,Rijeka,714
Arlo Matthews,1983,Brno,Rijeka,714
Poppy Matthews,2016,Brno,Rijeka,714
Evie Matthews,2013,Brno,Rijeka,714
Sophia Adams,1981,Brno,Rijeka,714
Muhammad Adams,1987,Brno,Rijeka,714
Evie Adams,2018,Brno,Rijeka,714
Roman Adams,2015,Brno,Rijeka,714
Lucas Adams,1976,Brno,Rijeka,1122
Theodore Webb,1989,Brno,Rijeka,1122
Ava Foster,1988,Brno,Rijeka,1122
Alfie Davidson,1992,Brno,Rijeka,1122
Tommy Harris,1993,Brno,Rijeka,1122
Phoebe Davidson,1993,Brno,Rijeka,1122
Leo White,1987,Prague,Rijeka,1030
Arthur Chapman,1991,Prague,Rijeka,1030
Daisy Owen,1984,Prague,Rijeka,1030
Elsie Walker,1982,Prague,Rijeka,1030
Leo Walker,1985,Prague,Rijeka,1030
Evelyn Lewis,1975,Brno,Rijeka,1236
Roman Matthews,1992,Brno,Rijeka,1236
Sophia Payne,1990,Brno,Rijeka,1236
Lily Burton,1993,Brno,Rijeka,1236
Charlotte Jones,1987,Prague,Rijeka,606
Oscar Jones,1992,Prague,Rijeka,606
Ava Jones,2016,Prague,Rijeka,606
Mia Lewis,1979,Prague,Rijeka,624
Charlotte Lewis,1992,Prague,Rijeka,624
Theo Lewis,2016,Prague,Rijeka,624
Daisy Walker,1974,Prague,Rijeka,1030
Roman Stevens,1977,Prague,Rijeka,1030
Poppy Walker,1978,Prague,Rijeka,1030
Henry Payne,1975,Prague,Rijeka,1030
Thomas Davidson,1985,Vienna,Warsaw,936
Rosie Davidson,1991,Vienna,Warsaw,936
Archie Davidson,2013,Vienna,Warsaw,936
Elsie Davidson,2017,Vienna,Warsaw,936
Ava Harris,1979,Vienna,Warsaw,1111
Noah Allen,1985,Vienna,Warsaw,1111
Freya Robinson,1983,Vienna,Warsaw,1111
Grace Stevens,1974,Vienna,Warsaw,1111
Isla Harris,1990,Vienna,Warsaw,1111
Charlie Foster,1980,Vienna,Warsaw,1111
Thomas Wilson,1979,Hamburg,Rome,816
Evelyn Wilson,1978,Hamburg,Rome,816
Willow Wilson,2018,Hamburg,Rome,816
Muhammad Wilson,2017,Hamburg,Rome,816
Grace Foster,1984,Prague,Rijeka,1020
Finley Holmes,1974,Prague,Rijeka,1020
Jack Baker,1982,Prague,Rijeka,1020
Arthur Burton,1989,Prague,Rijeka,1020
Isabella Davidson,1979,Prague,Rijeka,1020
Freddie Lewis,1985,Innsbruck,Warsaw,909
Archie Lewis,1980,Innsbruck,Warsaw,909
Sophia Lewis,2014,Innsbruck,Warsaw,909
Archie Lewis,2017,Innsbruck,Warsaw,909
Willow Black,1978,Innsbruck,Warsaw,1224
Alfie Owen,1983,Innsbruck,Warsaw,1224
Daisy Harris,1990,Innsbruck,Warsaw,1224
Roman Robinson,1978,Innsbruck,Warsaw,1224
Noah Harris,1988,Vienna,Warsaw,918
Sophia Harris,1986,Vienna,Warsaw,918
Charlie Harris,2014,Vienna,Warsaw,918
Theodore Payne,1973,Vienna,Warsaw,1144
Charlotte Robinson,1982,Vienna,Warsaw,1144
Sofia White,1988,Vienna,Warsaw,1144
Evelyn Adams,1987,Vienna,Warsaw,1144
Florence Wilson,1985,Vienna,Warsaw,1144
Muhammad Walker,1982,Vienna,Warsaw,1144
Poppy Payne,1973,Hamburg,Innsbruck,927
Phoebe Payne,1981,Hamburg,Innsbruck,927
Charlotte Payne,2015,Hamburg,Innsbruck,927
Phoebe Payne,2016,Hamburg,Innsbruck,927
Poppy Jones,1976,Brno,Rijeka,1122
Ella Owen,1980,Brno,Rijeka,1122
Tommy Lewis,1981,Brno,Rijeka,1122
Theo Chapman,1978,Brno,Rijeka,1122
Florence Matthews,1978,Vienna,Warsaw,1144
Amelia Holmes,1973,Vienna,Warsaw,1144
Arlo Harris,1974,Vienna,Warsaw,1144
Poppy Black,1976,Vienna,Warsaw,1144
Ivy Matthews,1973,Krakow,Zagreb,808
Arlo Matthews,1973,Krakow,Zagreb,808
Ava Matthews,2016,Krakow,Zagreb,808
Archie Adams,1977,Vienna,Warsaw,1133
Charlie Allen,1989,Vienna,Warsaw,1133
Arthur Stevens,1980,Vienna,Warsaw,1133
Finley Walker,1985,Vienna,Warsaw,1133
Grace Holmes,1977,Vienna,Warsaw,1133
Freddie Burton,1984,Vienna,Warsaw,1133
Amelia Chapman,1993,Vienna,Warsaw,927
Sofia Chapman,1983,Vienna,Warsaw,927
Mia Chapman,2014,Vienna,Warsaw,927
Florence Chapman,2015,Vienna,Warsaw,927
Thomas Robinson,1992,Brno,Rijeka,707
Roman Robinson,1987,Brno,Rijeka,707
Noah Robinson,2017,Brno,Rijeka,707
Evie Robinson,2013,Brno,Rijeka,707
Noah Baker,1983,Berlin,Napoli,824
Jacob Baker,1988,Berlin,Napoli,824
Finley Baker,2014,Berlin,Napoli,824
Ivy Owen,1985,Berlin,Napoli,1144
Henry White,1981,Berlin,Napoli,1144
Harry Walker,1983,Berlin,Napoli,1144
George Lewis,1989,Berlin,Napoli,1144
Isaac Adams,1993,Hamburg,Innsbruck,1212
Emily Black,1990,Hamburg,Innsbruck,1212
Rosie Burton,1988,Hamburg,Innsbruck,1212
Daisy Baker,1976,Hamburg,Innsbruck,1212
Ava Walker,1977,Prague,Rijeka,1010
Emily Foster,1993,Prague,Rijeka,1010
Leo Owen,1978,Prague,Rijeka,1010
Theo Owen,1974,Prague,Rijeka,1010
Florence Adams,1991,Prague,Rijeka,1010
Lily Harris,1989,Prague,Rijeka,1010
Evie Burton,1977,Vienna,Warsaw,1111
Tommy Jones,1989,Vienna,Warsaw,1111
Lily Baker,1976,Vienna,Warsaw,1111
Jack Wilson,1989,Vienna,Warsaw,1111
Mia Stevens,1988,Vienna,Warsaw,1111
Rosie Foster,1982,Vienna,Warsaw,1111
Charlotte Wilson,1992,Brno,Rijeka,1224
Evie Robinson,1987,Brno,Rijeka,1224
Charlotte Adams,1990,Brno,Rijeka,1224
Freya Stevens,1990,Brno,Rijeka,721
Thomas Stevens,1983,Brno,Rijeka,721
William Stevens,2016,Brno,Rijeka,721
Jack Burton,1982,Berlin,Napoli,707
Roman Burton,1985,Berlin,Napoli,707
Archie Burton,2017,Berlin,Napoli,707
George Burton,2018,Berlin,Napoli,707
Evelyn Baker,1988,Innsbruck,Warsaw,1236
George Black,1987,Innsbruck,Warsaw,1236
Oscar Wilson,1989,Innsbruck,Warsaw,1236
Isabella Burton,1975,Hamburg,Rome,714
Jacob Burton,1984,Hamburg,Rome,714
Thomas Burton,2016,Hamburg,Rome,714
Isabella Allen,1992,Hamburg,Innsbruck,1212
Rosie Robinson,1987,Hamburg,Innsbruck,1212
Grace Allen,1989,Hamburg,Innsbruck,1212
Sofia Lewis,1982,Hamburg,Innsbruck,1212
Isla Payne,1977,Hamburg,Innsbruck,1212
Thomas Payne,1992,Berlin,Napoli,1133
Mia Black,1989,Berlin,Napoli,1133
Sophia Wilson,1981,Berlin,Napoli,1133
Phoebe Davidson,1976,Berlin,Napoli,1133
Poppy Robinson,1981,Berlin,Napoli,1133
Leo Adams,1981,Berlin,Napoli,1133
Mia Burton,1986,Prague,Rijeka,618
Amelia Burton,1993,Prague,Rijeka,618
Phoebe Burton,2014,Prague,Rijeka,618
Alfie Burton,2013,Prague,Rijeka,618
Daisy Jones,1981,Vienna,Warsaw,721
Elsie Jones,1982,Vienna,Warsaw,721
Florence Jones,2014,Vienna,Warsaw,721
Alfie Jones,2018,Vienna,Warsaw,721
Thomas Jones,1978,Prague,Rijeka,1020
Freddie Allen,1976,Prague,Rijeka,1020
Alfie Burton,1980,Prague,Rijeka,1020
Arlo Chapman,1992,Prague,Rijeka,1020
Alfie Baker,1987,Berlin,Napoli,824
Mia Baker,1988,Berlin,Napoli,824
Ella Baker,2018,Berlin,Napoli,824
Lucas Chapman,1991,Berlin,Napoli,832
Jacob Chapman,1973,Berlin,Napoli,832
Sofia Chapman,2016,Berlin,Napoli,832
Jack Chapman,2014,Berlin,Napoli,832
Oscar Stevens,1974,Berlin,Napoli,832
Jack Stevens,1982,Berlin,Napoli,832
Finley Stevens,2014,Berlin,Napoli,832
Phoebe Matthews,1973,Innsbruck,Warsaw,1111
Evie Owen,1983,Innsbruck,Warsaw,1111
Phoebe Payne,1980,Innsbruck,Warsaw,1111
Muhammad Lewis,1987,Innsbruck,Warsaw,1111
Amelia Chapman,1990,Innsbruck,Warsaw,1111
Jacob Payne,1991,Innsbruck,Warsaw,1111
Grace Adams,1976,Berlin,Napoli,707
Mia Adams,1982,Berlin,Napoli,707
Leo Adams,2017,Berlin,Napoli,707
Grace Adams,2015,Berlin,Napoli,707
Isabella Robinson,1993,Prague,Rijeka,618
Noah Robinson,1990,Prague,Rijeka,618
Willow Robinson,2015,Prague,Rijeka,618
Evelyn Davidson,1991,Vienna,Warsaw,1122
Lucas Black,1982,Vienna,Warsaw,1122
Poppy Chapman,1980,Vienna,Warsaw,1122
Poppy Robinson,1974,Vienna,Warsaw,1122
Daisy Foster,1990,Innsbruck,Warsaw,1224
Rosie Jones,1987,Innsbruck,Warsaw,1224
Charlie Robinson,1981,Innsbruck,Warsaw,1224
George Payne,1975,Innsbruck,Warsaw,1224
Ava Payne,1980,Innsbruck,Warsaw,1224
Finley Matthews,1989,Brno,Rijeka,1224
Roman Black,1992,Brno,Rijeka,1224
Florence Holmes,1992,Brno,Rijeka,1224
Isaac Holmes,1984,Innsbruck,Warsaw,927
Finley Holmes,1985,Innsbruck,Warsaw,927
Roman Holmes,2017,Innsbruck,Warsaw,927
Sophia Lewis,1988,Berlin,Napoli,1144
Sofia Webb,1991,Berlin,Napoli,1144
George Lewis,1976,Berlin,Napoli,1144
William Payne,1992,Berlin,Napoli,1144
Emily Jones,1980,Vienna,Warsaw,1111
Ava Robinson,1975,Vienna,Warsaw,1111
Evelyn Holmes,1991,Vienna,Warsaw,1111
Grace Payne,1989,Vienna,Warsaw,1111
Ava Chapman,1993,Vienna,Warsaw,1111
Archie Jones,1977,Prague,Rijeka,624
Oscar Jones,1977,Prague,Rijeka,624
Amelia Jones,2017,Prague,Rijeka,624
Mia Jones,1976,Hamburg,Innsbruck,312
Charlie Jones,1973,Hamburg,Innsbruck,312
Lily Jones,2017,Hamburg,Innsbruck,312
Charlie Jones,2016,Hamburg,Innsbruck,312
Lily Stevens,1983,Vienna,Warsaw,909
Rosie Stevens,1993,Vienna,Warsaw,909
Willow Stevens,2014,Vienna,Warsaw,909
William Stevens,2018,Vienna,Warsaw,909
Theo Foster,1982,Vienna,Warsaw,1133
Theodore Payne,1993,Vienna,Warsaw,1133
Mia Holmes,1983,Vienna,Warsaw,1133
Henry Harris,1987,Vienna,Warsaw,1133
Arlo Jones,1978,Brno,Rijeka,1248
Grace Jones,1980,Brno,Rijeka,1248
Sofia Walker,1993,Brno,Rijeka,1248
Rosie Webb,1979,Brno,Rijeka,1248
Isaac Baker,1978,Prague,Rijeka,618
William Baker,1991,Prague,Rijeka,618
Harry Baker,2013,Prague,Rijeka,618
Isaac Baker,2013,Prague,Rijeka,618
Theo Foster,1979,Brno,Rijeka,1224
Theo Stevens,1982,Brno,Rijeka,1224
Ava Stevens,1977,Brno,Rijeka,1224
Ella Lewis,1992,Brno,Rijeka,1224
Sienna Wilson,1979,Brno,Rijeka,1224
Evelyn Webb,1973,Prague,Rijeka,1040
Sienna Chapman,1977,Prague,Rijeka,1040
Archie Wilson,1978,Prague,Rijeka,1040
Theodore Harris,1976,Berlin,Napoli,1010
Roman Black,1990,Berlin,Napoli,1010
Roman Stevens,1980,Berlin,Napoli,1010
Theo Payne,1985,Berlin,Napoli,1010
Poppy Allen,1990,Hamburg,Innsbruck,1224
Tommy Foster,1990,Hamburg,Innsbruck,1224
Thomas Wilson,1976,Hamburg,Innsbruck,1224
Rosie Walker,1984,Hamburg,Innsbruck,1224
Noah Lewis,1988,Hamburg,Innsbruck,1224
Harry Baker,1984,Prague,Rijeka,618
Arlo Baker,1978,Prague,Rijeka,618
Theodore Baker,2015,Prague,Rijeka,618
Harry Baker,2015,Prague,Rijeka,618
Alfie Black,1973,Berlin,Napoli,1122
Ava Black,1976,Berlin,Napoli,1122
Lucas Harris,1987,Berlin,Napoli,1122
Ella Harris,1976,Vienna,Warsaw,918
Roman Harris,1980,Vienna,Warsaw,918
Freddie Harris,2014,Vienna,Warsaw,918
Freya Allen,1991,Prague,Rijeka,1040
Emily White,1990,Prague,Rijeka,1040
Henry Black,1984,Prague,Rijeka,1040
Lily Stevens,1976,Prague,Rijeka,1040
Harry White,1984,Prague,Rijeka,1040
Grace Harris,1982,Prague,Rijeka,1040
Freya Owen,1982,Hamburg,Innsbruck,1248
Jacob Chapman,1993,Hamburg,Innsbruck,1248
Muhammad Chapman,1984,Hamburg,Innsbruck,1248
Alfie Foster,1975,Hamburg,Innsbruck,1248
Phoebe Holmes,1980,Hamburg,Innsbruck,1248
William Holmes,1974,Hamburg,Innsbruck,1248
Emily Jones,1979,Hamburg,Innsbruck,1224
Ivy Jones,1973,Hamburg,Innsbruck,1224
Harry Stevens,1987,Hamburg,Innsbruck,1224
Grace Baker,1977,Hamburg,Innsbruck,1224
George Adams,1984,Hamburg,Innsbruck,1224
Willow Walker,1973,Hamburg,Innsbruck,1212
Henry Lewis,1980,Hamburg,Innsbruck,1212
Harry Foster,1991,Hamburg,Innsbruck,1212
George Harris,1984,Hamburg,Innsbruck,1212
Thomas Wilson,1985,Prague,Rijeka,1010
Muhammad Allen,1974,Prague,Rijeka,1010
Sienna Owen,1988,Prague,Rijeka,1010
Phoebe Robinson,1985,Prague,Rijeka,1010
Noah Wilson,1988,Prague,Rijeka,1010
Theo Walker,1980,Prague,Rijeka,1010
Finley Harris,1988,Innsbruck,Warsaw,1248
Arlo Harris,1977,Innsbruck,Warsaw,1248
Tommy Holmes,1988,Innsbruck,Warsaw,1248
Evie Adams,1983,Innsbruck,Warsaw,1248
Grace Wilson,1979,Vienna,Warsaw,1133
Oscar Davidson,1982,Vienna,Warsaw,1133
Evie Owen,1990,Vienna,Warsaw,1133
Ava Matthews,1982,Vienna,Warsaw,1133
Leo Baker,1978,Vienna,Warsaw,1133
Sofia Black,1989,Vienna,Warsaw,1133
Grace Black,1984,Berlin,Napoli,1111
Tommy Webb,1977,Berlin,Napoli,1111
Phoebe Allen,1984,Berlin,Napoli,1111
Arthur Harris,1974,Berlin,Napoli,1111
Evelyn Wilson,1983,Berlin,Napoli,1111
Lily Walker,1977,Berlin,Napoli,1111
Freddie Stevens,1985,Innsbruck,Warsaw,1111
Elsie Burton,1982,Innsbruck,Warsaw,1111
Evie Webb,1979,Innsbruck,Warsaw,1111
Charlie Harris,1974,Innsbruck,Warsaw,1111
George Black,1982,Innsbruck,Warsaw,1212
Isaac White,1991,Innsbruck,Warsaw,1212
Isla Black,1991,Innsbruck,Warsaw,1212
Thomas Chapman,1991,Berlin,Napoli,1111
Freddie Baker,1977,Berlin,Napoli,1111
Evie Allen,1988,Berlin,Napoli,1111
Alfie Lewis,1975,Berlin,Napoli,1111
Theodore Lewis,1990,Berlin,Napoli,1111
Freya Holmes,1981,Hamburg,Innsbruck,1248
Ivy Jones,1979,Hamburg,Innsbruck,1248
Phoebe Black,1991,Hamburg,Innsbruck,1248
Evie Matthews,1987,Hamburg,Innsbruck,1236
Finley White,1988,Hamburg,Innsbruck,1236
Noah Chapman,1973,Hamburg,Innsbruck,1236
William Baker,1975,Hamburg,Innsbruck,1236
George Adams,1977,Berlin,Napoli,1040
Thomas Adams,1992,Berlin,Napoli,1040
Ava Allen,1989,Berlin,Napoli,1040
Grace Webb,1989,Hamburg,Innsbruck,1248
Florence Wilson,1983,Hamburg,Innsbruck,1248
Harry White,1992,Hamburg,Innsbruck,1248
Sophia Walker,1979,Hamburg,Innsbruck,1248
Sofia Owen,1991,Hamburg,Innsbruck,1248
Sofia White,1974,Hamburg,Innsbruck,1248
Grace Wilson,1978,Hamburg,Innsbruck,1248
Charlotte Webb,1989,Hamburg,Innsbruck,1248
Isabella Davidson,1989,Hamburg,Innsbruck,1248
Florence Davidson,1978,Innsbruck,Warsaw,1224
Amelia Black,1991,Innsbruck,Warsaw,1224
Jacob Foster,1979,Innsbruck,Warsaw,1224
Theodore White,1977,Innsbruck,Warsaw,1224
Theo Payne,1991,Innsbruck,Warsaw,1224
Tommy Matthews,1990,Innsbruck,Warsaw,1224
Grace Holmes,1986,Prague,Rijeka,1020
William Burton,1985,Prague,Rijeka,1020
Grace Black,1985,Prague,Rijeka,1020
Emily Owen,1973,Prague,Rijeka,1020
Harry Allen,1975,Prague,Rijeka,1020
Lucas Foster,1978,Prague,Rijeka,1010
Theo White,1980,Prague,Rijeka,1010
Arlo Walker,1974,Prague,Rijeka,1010
Alfie White,1990,Prague,Rijeka,1010
Leo Payne,1977,Prague,Rijeka,1040
Phoebe Walker,1984,Prague,Rijeka,1040
Thomas Holmes,1978,Prague,Rijeka,1040
Elsie Robinson,1974,Prague,Rijeka,1040
Rosie Burton,1993,Prague,Rijeka,1040
Grace Chapman,1974,Prague,Rijeka,1040
